{"cameraMode":{"drawMode":0,"name":"Shaded","section":"Shading Mode"},"sceneLighting":true,"audioPlay":false,"sceneViewState":{"m_AlwaysRefresh":false,"showFog":true,"showSkybox":true,"showFlares":true,"showImageEffects":true,"showParticleSystems":true,"showVisualEffectGraphs":true,"m_FxEnabled":true},"in2DMode":false,"pivot":{"x":-11.400691032409668,"y":109.15090942382813,"z":60.871360778808597},"rotation":{"x":0.36128464341163638,"y":0.5992915630340576,"z":-0.3466758728027344,"w":0.6246742010116577},"size":3.0530712604522707,"orthographic":false}