{"cameraMode":{"drawMode":0,"name":"Shaded","section":"Shading Mode"},"sceneLighting":true,"audioPlay":false,"sceneViewState":{"m_AlwaysRefresh":false,"showFog":true,"showSkybox":true,"showFlares":true,"showImageEffects":true,"showParticleSystems":true,"showVisualEffectGraphs":true,"m_FxEnabled":true},"in2DMode":false,"pivot":{"x":56.636199951171878,"y":12.404155731201172,"z":123.74848175048828},"rotation":{"x":-0.0007658425602130592,"y":-0.9223629236221314,"z":0.3865945041179657,"w":-0.0016562843229621649},"size":4.109685897827148,"orthographic":false}