{"cameraMode":{"drawMode":0,"name":"Shaded","section":"Shading Mode"},"sceneLighting":true,"audioPlay":false,"sceneViewState":{"showFog":true,"showMaterialUpdate":false,"showSkybox":true,"showFlares":true,"showImageEffects":true,"showParticleSystems":true},"in2DMode":false,"pivot":{"x":44.14155960083008,"y":51.806053161621097,"z":37.00144958496094},"rotation":{"x":-0.6192565560340881,"y":-0.005666179582476616,"z":0.004469674546271563,"w":-0.7851555943489075},"size":60.99335479736328,"orthographic":false}