{"cameraMode":{"drawMode":0,"name":"Shaded","section":"Shading Mode"},"sceneLighting":true,"audioPlay":false,"sceneViewState":{"showFog":true,"showMaterialUpdate":false,"showSkybox":true,"showFlares":true,"showImageEffects":true,"showParticleSystems":true},"in2DMode":false,"pivot":{"x":11.896880149841309,"y":8.731477737426758,"z":-50.128631591796878},"rotation":{"x":-0.05107156187295914,"y":-0.7923023104667664,"z":0.06696248799562454,"w":-0.604288637638092},"size":60.99335479736328,"orthographic":false}