{"cameraMode":{"drawMode":0,"name":"Shaded","section":"Shading Mode"},"sceneLighting":true,"audioPlay":false,"sceneViewState":{"showFog":true,"showMaterialUpdate":false,"showSkybox":true,"showFlares":true,"showImageEffects":true,"showParticleSystems":true},"in2DMode":false,"pivot":{"x":6.010321140289307,"y":2.2026326656341554,"z":30.248476028442384},"rotation":{"x":0.015306039713323117,"y":0.027304546907544137,"z":-0.00041891486034728587,"w":0.9995099306106567},"size":37.45317840576172,"orthographic":false}