{"cameraMode":{"drawMode":0,"name":"Shaded","section":"Shading Mode"},"sceneLighting":false,"audioPlay":false,"sceneViewState":{"m_AlwaysRefresh":false,"showFog":true,"showSkybox":false,"showFlares":true,"showImageEffects":true,"showParticleSystems":true,"showVisualEffectGraphs":true,"m_FxEnabled":true},"in2DMode":false,"pivot":{"x":5.433011054992676,"y":-1.8355021476745606,"z":30.40593147277832},"rotation":{"x":0.022210318595170976,"y":-0.8724226355552673,"z":0.48663634061813357,"w":0.039812177419662479},"size":7.787954807281494,"orthographic":false}