{"cameraMode":{"drawMode":0,"name":"Shaded","section":"Shading Mode"},"sceneLighting":true,"audioPlay":false,"sceneViewState":{"m_AlwaysRefresh":false,"showFog":true,"showSkybox":true,"showFlares":true,"showImageEffects":true,"showParticleSystems":true,"showVisualEffectGraphs":true,"m_FxEnabled":true},"in2DMode":false,"pivot":{"x":47.41992950439453,"y":95.79725646972656,"z":0.5259813070297241},"rotation":{"x":-0.5271957516670227,"y":0.008154157549142838,"z":-0.00506553053855896,"w":-0.8497161269187927},"size":0.8660253882408142,"orthographic":false}