{"cameraMode":{"drawMode":0,"name":"Shaded","section":"Shading Mode"},"sceneLighting":false,"audioPlay":false,"sceneViewState":{"m_AlwaysRefresh":false,"showFog":true,"showSkybox":false,"showFlares":true,"showImageEffects":true,"showParticleSystems":true,"showVisualEffectGraphs":true,"m_FxEnabled":true},"in2DMode":false,"pivot":{"x":30.055118560791017,"y":0.8198904991149902,"z":49.21812438964844},"rotation":{"x":-0.21167518198490144,"y":0.07443388551473618,"z":-0.016052735969424249,"w":-0.9744603037834168},"size":6.56036376953125,"orthographic":false}