{"cameraMode":{"drawMode":0,"name":"Shaded","section":"Shading Mode"},"sceneLighting":false,"audioPlay":false,"sceneViewState":{"m_AlwaysRefresh":false,"showFog":true,"showSkybox":false,"showFlares":true,"showImageEffects":true,"showParticleSystems":true,"showVisualEffectGraphs":true,"m_FxEnabled":true},"in2DMode":false,"pivot":{"x":6.8056745529174809,"y":0.24302148818969727,"z":5.809376239776611},"rotation":{"x":0.19677557051181794,"y":0.17396233975887299,"z":-0.03550442308187485,"w":0.9642366170883179},"size":2.70739483833313,"orthographic":false}