{"cameraMode":{"drawMode":0,"name":"Shaded","section":"Shading Mode"},"sceneLighting":false,"audioPlay":false,"sceneViewState":{"m_AlwaysRefresh":false,"showFog":true,"showSkybox":false,"showFlares":true,"showImageEffects":true,"showParticleSystems":true,"showVisualEffectGraphs":true,"m_FxEnabled":true},"in2DMode":false,"pivot":{"x":0.9386346340179443,"y":0.17907777428627015,"z":1.1285432577133179},"rotation":{"x":-0.06204982474446297,"y":-0.9073399305343628,"z":0.14439044892787934,"w":-0.38993966579437258},"size":0.6673570275306702,"orthographic":false}